# ************************************************************
# Sequel Pro SQL dump
# Version 4541
#
# http://www.sequelpro.com/
# https://github.com/sequelpro/sequelpro
#
# Host: 192.168.2.101 (MySQL 5.5.40-MariaDB-wsrep)
# Database: satellite
# Generation Time: 2018-02-27 09:34:40 +0000
# ************************************************************


/*!40101 SET @OLD_CHARACTER_SET_CLIENT=@@CHARACTER_SET_CLIENT */;
/*!40101 SET @OLD_CHARACTER_SET_RESULTS=@@CHARACTER_SET_RESULTS */;
/*!40101 SET @OLD_COLLATION_CONNECTION=@@COLLATION_CONNECTION */;
/*!40101 SET NAMES utf8 */;
/*!40014 SET @OLD_FOREIGN_KEY_CHECKS=@@FOREIGN_KEY_CHECKS, FOREIGN_KEY_CHECKS=0 */;
/*!40101 SET @OLD_SQL_MODE=@@SQL_MODE, SQL_MODE='NO_AUTO_VALUE_ON_ZERO' */;
/*!40111 SET @OLD_SQL_NOTES=@@SQL_NOTES, SQL_NOTES=0 */;


# Dump of table admin_group
# ------------------------------------------------------------

DROP TABLE IF EXISTS `admin_group`;

CREATE TABLE `admin_group` (
  `id` bigint(20) NOT NULL AUTO_INCREMENT,
  `name` varchar(30) DEFAULT NULL,
  `order_id` bigint(20) DEFAULT NULL,
  PRIMARY KEY (`id`)
) ENGINE=InnoDB DEFAULT CHARSET=utf8;

LOCK TABLES `admin_group` WRITE;
/*!40000 ALTER TABLE `admin_group` DISABLE KEYS */;

INSERT INTO `admin_group` (`id`, `name`, `order_id`)
VALUES
	(1,'admin权限',NULL),
	(2,'普通用户权限',NULL);

/*!40000 ALTER TABLE `admin_group` ENABLE KEYS */;
UNLOCK TABLES;


# Dump of table admin_group_menu
# ------------------------------------------------------------

DROP TABLE IF EXISTS `admin_group_menu`;

CREATE TABLE `admin_group_menu` (
  `group_id` bigint(20) NOT NULL,
  `menu_id` bigint(20) NOT NULL,
  PRIMARY KEY (`group_id`,`menu_id`)
) ENGINE=InnoDB DEFAULT CHARSET=utf8;

LOCK TABLES `admin_group_menu` WRITE;
/*!40000 ALTER TABLE `admin_group_menu` DISABLE KEYS */;

INSERT INTO `admin_group_menu` (`group_id`, `menu_id`)
VALUES
	(1,1),
	(1,2),
	(1,3),
	(1,4),
	(1,5),
	(1,8),
	(1,9),
	(1,10),
	(1,11),
	(1,12),
	(1,13),
	(1,14),
	(1,15),
	(1,16),
	(1,17),
	(2,2),
	(2,3),
	(2,9),
	(2,10),
	(2,11),
	(2,12),
	(2,13),
	(2,14),
	(2,15),
	(2,16),
	(2,17);

/*!40000 ALTER TABLE `admin_group_menu` ENABLE KEYS */;
UNLOCK TABLES;


# Dump of table admin_menu
# ------------------------------------------------------------

DROP TABLE IF EXISTS `admin_menu`;

CREATE TABLE `admin_menu` (
  `id` bigint(20) NOT NULL AUTO_INCREMENT,
  `name` varchar(30) DEFAULT NULL,
  `url` varchar(500) DEFAULT NULL,
  `type_id` bigint(20) DEFAULT NULL,
  `parent_id` bigint(20) NOT NULL,
  `level` bigint(20) NOT NULL,
  `order_id` bigint(20) DEFAULT NULL,
  PRIMARY KEY (`id`)
) ENGINE=InnoDB DEFAULT CHARSET=utf8;

LOCK TABLES `admin_menu` WRITE;
/*!40000 ALTER TABLE `admin_menu` DISABLE KEYS */;

INSERT INTO `admin_menu` (`id`, `name`, `url`, `type_id`, `parent_id`, `level`, `order_id`)
VALUES
	(1,'权限管理','',NULL,0,1,1476861134526),
	(2,'健康展示','',NULL,0,1,1476861144931),
	(3,'服务监控','',NULL,0,1,1476861152162),
	(4,'用户管理','/admin/list.vm',NULL,1,2,1476861248832),
	(5,'菜单管理','/menu/list.vm',NULL,1,2,1476861347380),
	(8,'菜单组管理','/group/list.vm',NULL,1,2,1476861229161),
	(9,'WithU当前状态','/report/module_list.vm?appId=1',NULL,2,2,1476861434738),
	(10,'WithU一周状态','/report/week_list.vm?appId=1',NULL,2,2,1476861496802),
	(11,'奇技当前状态','/report/module_list.vm?appId=2',NULL,2,2,1476861467133),
	(12,'奇技一周状态','/report/week_list.vm?appId=2',NULL,2,2,1476861524762),
	(13,'监控脚本','/script/list.vm',NULL,3,2,1476861555223),
	(14,'监控任务','/run/list.vm',NULL,3,2,1476861581002),
	(15,'监控端','/agent/list.vm',NULL,3,2,1476861614119),
	(16,'测试号段','/pool/detail.vm',NULL,3,2,1476861632587),
	(17,'运行状态','/agent/showlist.vm',NULL,3,2,1476861657158);

/*!40000 ALTER TABLE `admin_menu` ENABLE KEYS */;
UNLOCK TABLES;


# Dump of table admin_user
# ------------------------------------------------------------

DROP TABLE IF EXISTS `admin_user`;

CREATE TABLE `admin_user` (
  `id` varchar(100) NOT NULL,
  `name` varchar(30) NOT NULL,
  `password` varchar(100) NOT NULL,
  PRIMARY KEY (`id`)
) ENGINE=InnoDB DEFAULT CHARSET=utf8;

LOCK TABLES `admin_user` WRITE;
/*!40000 ALTER TABLE `admin_user` DISABLE KEYS */;

INSERT INTO `admin_user` (`id`, `name`, `password`)
VALUES
	('admin','admin',''),
	('ceshi','ceshi','ceshi');

/*!40000 ALTER TABLE `admin_user` ENABLE KEYS */;
UNLOCK TABLES;


# Dump of table admin_user_group
# ------------------------------------------------------------

DROP TABLE IF EXISTS `admin_user_group`;

CREATE TABLE `admin_user_group` (
  `user_id` varchar(200) NOT NULL,
  `group_id` bigint(20) NOT NULL,
  PRIMARY KEY (`user_id`,`group_id`)
) ENGINE=InnoDB DEFAULT CHARSET=utf8;

LOCK TABLES `admin_user_group` WRITE;
/*!40000 ALTER TABLE `admin_user_group` DISABLE KEYS */;

INSERT INTO `admin_user_group` (`user_id`, `group_id`)
VALUES
	('admin',1),
	('admin',2),
	('ceshi',1),
	('ceshi',2);

/*!40000 ALTER TABLE `admin_user_group` ENABLE KEYS */;
UNLOCK TABLES;


# Dump of table agent
# ------------------------------------------------------------

DROP TABLE IF EXISTS `agent`;

CREATE TABLE `agent` (
  `agent_id` bigint(20) NOT NULL AUTO_INCREMENT COMMENT 'Agent id',
  `agent_area` varchar(30) DEFAULT NULL COMMENT '地域名称',
  `agent_ip` varchar(30) DEFAULT NULL COMMENT 'Agent IP地址',
  `create_time` bigint(30) DEFAULT NULL COMMENT '创建时间',
  `agent_port` varchar(20) DEFAULT NULL COMMENT '端口',
  PRIMARY KEY (`agent_id`)
) ENGINE=InnoDB DEFAULT CHARSET=utf8mb4;

LOCK TABLES `agent` WRITE;
/*!40000 ALTER TABLE `agent` DISABLE KEYS */;

INSERT INTO `agent` (`agent_id`, `agent_area`, `agent_ip`, `create_time`, `agent_port`)
VALUES
	(13,'本机','127.0.0.1',1472552101927,NULL);

/*!40000 ALTER TABLE `agent` ENABLE KEYS */;
UNLOCK TABLES;


# Dump of table agent_status
# ------------------------------------------------------------

DROP TABLE IF EXISTS `agent_status`;

CREATE TABLE `agent_status` (
  `status_id` bigint(20) NOT NULL AUTO_INCREMENT,
  `timer_id` bigint(20) DEFAULT NULL COMMENT '任务id',
  `status` tinyint(2) DEFAULT NULL COMMENT '0:离线 1：等待运行 2：运行中',
  `last_runtime` bigint(20) DEFAULT NULL COMMENT '上次运行时间',
  `update_time` bigint(20) DEFAULT NULL COMMENT '更新时间',
  `agent_id` bigint(20) DEFAULT NULL COMMENT 'Agent id',
  PRIMARY KEY (`status_id`)
) ENGINE=InnoDB DEFAULT CHARSET=utf8mb4;

LOCK TABLES `agent_status` WRITE;
/*!40000 ALTER TABLE `agent_status` DISABLE KEYS */;

INSERT INTO `agent_status` (`status_id`, `timer_id`, `status`, `last_runtime`, `update_time`, `agent_id`)
VALUES
	(1,6,3,1474539155072,0,13),
	(2,18,3,NULL,0,13),
	(3,19,3,1473393166441,0,13),
	(4,20,3,1474625506091,0,13),
	(5,24,3,1475051361045,0,13),
	(6,23,3,1475051363763,0,13),
	(7,22,3,1475051365942,0,13),
	(8,21,3,1475051368193,0,13),
	(9,25,3,1475206880994,0,13),
	(10,26,3,1477020808643,0,13),
	(11,27,3,1478244422810,0,13),
	(12,28,3,1479117725352,0,13),
	(13,29,3,1479783652300,0,13),
	(14,30,3,1479784763907,0,13),
	(15,31,3,NULL,0,13),
	(16,32,3,1480318293810,0,13),
	(17,34,3,1482402762798,0,13),
	(18,33,3,1481165033579,0,13),
	(19,35,3,1481165025812,0,13),
	(20,40,3,1482463337741,0,13),
	(21,41,3,1482464634186,0,13),
	(22,42,3,1486534459319,0,13),
	(23,43,2,1487322432739,0,13);

/*!40000 ALTER TABLE `agent_status` ENABLE KEYS */;
UNLOCK TABLES;


# Dump of table api
# ------------------------------------------------------------

DROP TABLE IF EXISTS `api`;

CREATE TABLE `api` (
  `api_id` bigint(20) NOT NULL AUTO_INCREMENT,
  `api_url` varchar(100) DEFAULT NULL,
  `module_id` bigint(20) DEFAULT NULL,
  `create_time` bigint(20) DEFAULT NULL,
  `app_id` int(10) DEFAULT NULL COMMENT 'App ID',
  PRIMARY KEY (`api_id`),
  UNIQUE KEY `api_id_unique` (`api_id`) USING BTREE,
  UNIQUE KEY `apiurl_appid_unique` (`api_url`,`api_id`) USING BTREE
) ENGINE=InnoDB DEFAULT CHARSET=utf8;

LOCK TABLES `api` WRITE;
/*!40000 ALTER TABLE `api` DISABLE KEYS */;

INSERT INTO `api` (`api_id`, `api_url`, `module_id`, `create_time`, `app_id`)
VALUES
	(1,'/config/commons',1,1473145851271,1),
	(2,'/user/sendsms/temp',2,1473145851271,1),
	(3,'/user/joinin/temp',2,1473145851271,1),
	(4,'/user/drawing',2,1473145851271,1),
	(3843,'/station/news/channellives',508,1486460076127,3);

/*!40000 ALTER TABLE `api` ENABLE KEYS */;
UNLOCK TABLES;


# Dump of table log_api
# ------------------------------------------------------------

DROP TABLE IF EXISTS `log_api`;

CREATE TABLE `log_api` (
  `id` bigint(20) unsigned NOT NULL AUTO_INCREMENT COMMENT '自增的主键id',
  `api_id` bigint(20) DEFAULT '0' COMMENT '接口id',
  `module_id` bigint(20) DEFAULT '0' COMMENT '模块id',
  `status` tinyint(4) DEFAULT '1' COMMENT '接口状态。0：失败 1：成功',
  `app_id` int(10) DEFAULT NULL COMMENT 'appid',
  `agent_id` bigint(20) DEFAULT NULL COMMENT 'AgentId',
  `cost_time` bigint(20) DEFAULT NULL COMMENT '接口调用时间',
  `create_time` bigint(20) DEFAULT NULL COMMENT '记录创建时间',
  `timer_id` bigint(11) DEFAULT NULL COMMENT '任务id',
  PRIMARY KEY (`id`),
  KEY `create_time` (`create_time`)
) ENGINE=InnoDB DEFAULT CHARSET=utf8;



# Dump of table module
# ------------------------------------------------------------

DROP TABLE IF EXISTS `module`;

CREATE TABLE `module` (
  `module_id` bigint(20) NOT NULL AUTO_INCREMENT,
  `module_url` varchar(20) DEFAULT NULL,
  `create_time` bigint(20) DEFAULT NULL,
  `module_name` varchar(40) DEFAULT NULL COMMENT 'module名称',
  `app_id` int(10) DEFAULT NULL COMMENT 'APP ID',
  PRIMARY KEY (`module_id`),
  UNIQUE KEY `module_id_unique` (`module_id`),
  UNIQUE KEY `module_url_unique` (`module_url`)
) ENGINE=InnoDB DEFAULT CHARSET=utf8;

LOCK TABLES `module` WRITE;
/*!40000 ALTER TABLE `module` DISABLE KEYS */;

INSERT INTO `module` (`module_id`, `module_url`, `create_time`, `module_name`, `app_id`)
VALUES
	(1,'/config',1473145545994,'配置',1),
	(2,'/user',1473145545994,'用户',1),
	(3,'/group',1473145545994,'群组',1),
	(4,'/upload',1473145545995,'上传',1),
	(5,'/download',1473145545995,'下载',1),
	(6,'/feed',1473145545997,'微窗',1),
	(201,'/friend',1473145546003,'好友',1),
	(439,'/track',1473392572406,NULL,1),
	(440,'/lucky',1474539636635,'红包',3),
	(441,'/mentor',1477026936193,'奇技',2),
	(500,'/..',1481018947744,NULL,1),
	(501,NULL,1481018947744,NULL,1),
	(502,NULL,1481018947744,NULL,1),
	(503,'/video',1481018947744,NULL,1),
	(504,NULL,1481018947744,NULL,1),
	(505,'/contacts',1486460075870,NULL,3),
	(506,'/qlove',1486460075870,NULL,3),
	(507,'/radio',1486460075870,NULL,3),
	(508,'/station',1486460075870,NULL,3),
	(509,'/weather',1486460075870,NULL,3),
	(510,'/music',1486460075870,NULL,3);

/*!40000 ALTER TABLE `module` ENABLE KEYS */;
UNLOCK TABLES;


# Dump of table phone_pool
# ------------------------------------------------------------

DROP TABLE IF EXISTS `phone_pool`;

CREATE TABLE `phone_pool` (
  `id` bigint(20) NOT NULL AUTO_INCREMENT COMMENT 'pool id',
  `agent_id` bigint(20) DEFAULT '0',
  `timer_id` bigint(20) DEFAULT '0' COMMENT '任务id',
  `phone_start` varchar(20) DEFAULT NULL COMMENT '起始手机号',
  `phone_end` varchar(20) DEFAULT NULL COMMENT '最后一个手机号',
  PRIMARY KEY (`id`)
) ENGINE=InnoDB DEFAULT CHARSET=utf8mb4;

LOCK TABLES `phone_pool` WRITE;
/*!40000 ALTER TABLE `phone_pool` DISABLE KEYS */;

INSERT INTO `phone_pool` (`id`, `agent_id`, `timer_id`, `phone_start`, `phone_end`)
VALUES
	(56,13,34,'12210000000','12210000010'),
	(57,13,33,'12220000000','12220000010'),
	(58,13,35,'12230000000','12230000010'),
	(59,13,40,'12240000000','12240000010'),
	(60,13,41,'12250000000','12250000010'),
	(61,13,42,'12250000011','12250000020'),
	(62,13,43,'12250000021','12250000030'),
	(63,0,0,'12250000031','12250000040'),
	(64,0,0,'12250000041','12250000050'),
	(65,0,0,'12250000051','12250000060'),
	(66,0,0,'12250000061','12250000070'),
	(67,0,0,'12250000071','12250000080'),
	(68,0,0,'12250000081','12250000090'),
	(69,0,0,'12250000091','12250000100'),
	(70,0,0,'12250000101','12250000110');

/*!40000 ALTER TABLE `phone_pool` ENABLE KEYS */;
UNLOCK TABLES;


# Dump of table phone_pool_config
# ------------------------------------------------------------

DROP TABLE IF EXISTS `phone_pool_config`;

CREATE TABLE `phone_pool_config` (
  `id` int(10) NOT NULL AUTO_INCREMENT COMMENT 'id',
  `max_number` varchar(20) DEFAULT NULL COMMENT '最大手机号',
  `min_number` varchar(20) DEFAULT NULL COMMENT '最小手机号',
  `groups` bigint(20) DEFAULT NULL COMMENT '分组数',
  `size` bigint(10) DEFAULT NULL COMMENT '每组的手机号数',
  `last_maxNumber` varchar(20) DEFAULT '0' COMMENT '上一次已使用的最大手机号',
  PRIMARY KEY (`id`)
) ENGINE=InnoDB DEFAULT CHARSET=utf8mb4;

LOCK TABLES `phone_pool_config` WRITE;
/*!40000 ALTER TABLE `phone_pool_config` DISABLE KEYS */;

INSERT INTO `phone_pool_config` (`id`, `max_number`, `min_number`, `groups`, `size`, `last_maxNumber`)
VALUES
	(1,'12290000000','12200000001',20,10,NULL);

/*!40000 ALTER TABLE `phone_pool_config` ENABLE KEYS */;
UNLOCK TABLES;


# Dump of table report_day_api
# ------------------------------------------------------------

DROP TABLE IF EXISTS `report_day_api`;

CREATE TABLE `report_day_api` (
  `id` bigint(20) unsigned NOT NULL AUTO_INCREMENT COMMENT '自增的主键id',
  `api_id` bigint(20) NOT NULL DEFAULT '0' COMMENT '接口id',
  `module_id` bigint(20) NOT NULL DEFAULT '0' COMMENT '模块id',
  `success_rate` float(20,2) DEFAULT NULL COMMENT '接口成功率',
  `total_count` int(10) DEFAULT NULL COMMENT '接口总次数',
  `max_cost_time` bigint(20) DEFAULT NULL COMMENT '接口最大调用时间',
  `min_cost_time` bigint(20) DEFAULT NULL COMMENT '接口最小调用时间',
  `ave_cost_time` bigint(20) DEFAULT NULL COMMENT '接口平均调用时间',
  `create_time` bigint(20) DEFAULT NULL COMMENT '记录创建时间',
  `update_time` bigint(20) DEFAULT NULL COMMENT '记录修改时间',
  `agent_id` bigint(20) DEFAULT NULL COMMENT 'AgentID',
  `app_id` int(10) DEFAULT NULL COMMENT 'APP ID',
  PRIMARY KEY (`id`),
  KEY `create_time_index` (`create_time`)
) ENGINE=InnoDB DEFAULT CHARSET=utf8;

LOCK TABLES `report_day_api` WRITE;
/*!40000 ALTER TABLE `report_day_api` DISABLE KEYS */;

INSERT INTO `report_day_api` (`id`, `api_id`, `module_id`, `success_rate`, `total_count`, `max_cost_time`, `min_cost_time`, `ave_cost_time`, `create_time`, `update_time`, `agent_id`, `app_id`)
VALUES
	(1,1,1,0.93,28,15257,322,1897,20161209,20161209,13,1),
	(2,2,2,0.92,252,14776,0,97,20161209,20161209,13,1),
	(3,3,2,0.93,168,406,0,71,20161209,20161209,13,1),
	(4,4,2,0.93,224,389,0,62,20161209,20161209,13,1),
	(5,5,3,0.93,560,638,0,33,20161209,20161209,13,1),
	(6,6,3,0.89,290,356,0,70,20161209,20161209,13,1),
	(7,7,3,0.93,784,418,0,60,20161209,20161209,13,1),
	(8,8,3,0.93,252,302,0,52,20161209,20161209,13,1),
	(9,9,3,0.93,448,352,0,25,20161209,20161209,13,1),
	(10,10,3,0.93,756,342,0,23,20161209,20161209,13,1),
	(11,11,3,0.93,308,397,0,74,20161209,20161209,13,1),
	(12,12,3,0.93,392,360,0,50,20161209,20161209,13,1),
	(13,13,3,0.93,392,478,0,102,20161209,20161209,13,1),
	(14,14,2,0.93,280,398,0,23,20161209,20161209,13,1),
	(15,15,4,0.98,104,14824,69,676,20161209,20161209,13,1),
	(16,16,5,0.97,598,1169,5,71,20161209,20161209,13,1),
	(17,17,4,1.00,26,494,67,107,20161209,20161209,13,1),
	(18,18,4,1.00,26,1696,58,316,20161209,20161209,13,1),
	(19,19,4,1.00,26,5173,30,430,20161209,20161209,13,1),
	(20,21,4,1.00,26,551,64,125,20161209,20161209,13,1),
	(21,22,3,0.93,56,399,0,52,20161209,20161209,13,1),
	(22,23,3,0.93,28,104,0,73,20161209,20161209,13,1),
	(23,24,6,0.93,140,447,0,62,20161209,20161209,13,1),
	(24,25,3,0.93,28,406,0,97,20161209,20161209,13,1),
	(25,26,3,0.93,280,1015,0,50,20161209,20161209,13,1),
	(26,201,3,0.93,112,345,0,19,20161209,20161209,13,1),
	(27,202,3,0.93,84,364,0,69,20161209,20161209,13,1),
	(28,203,3,0.93,56,135,0,53,20161209,20161209,13,1),
	(29,204,3,0.93,56,304,0,65,20161209,20161209,13,1),
	(30,205,3,0.93,84,280,0,64,20161209,20161209,13,1),
	(31,206,3,0.93,28,213,0,130,20161209,20161209,13,1),
	(32,207,3,0.93,28,374,1,46,20161209,20161209,13,1),
	(33,208,3,0.93,28,263,0,39,20161209,20161209,13,1),
	(34,209,3,0.93,28,51,0,29,20161209,20161209,13,1),
	(35,210,201,0.93,84,341,0,57,20161209,20161209,13,1),
	(36,211,201,0.93,112,259,0,17,20161209,20161209,13,1),
	(37,212,201,0.93,112,258,0,49,20161209,20161209,13,1),
	(38,213,201,0.93,112,240,0,16,20161209,20161209,13,1),
	(39,214,201,0.93,252,337,0,30,20161209,20161209,13,1),
	(40,215,201,0.93,28,139,1,79,20161209,20161209,13,1),
	(41,217,6,0.93,140,416,0,90,20161209,20161209,13,1),
	(42,218,6,0.93,140,349,0,68,20161209,20161209,13,1),
	(43,401,6,0.93,28,322,0,55,20161209,20161209,13,1),
	(44,402,6,0.93,28,55,0,43,20161209,20161209,13,1),
	(45,403,6,0.93,56,394,0,77,20161209,20161209,13,1),
	(46,404,6,0.93,140,343,0,45,20161209,20161209,13,1),
	(47,405,6,0.93,28,45,1,23,20161209,20161209,13,1),
	(48,406,6,0.93,84,296,0,32,20161209,20161209,13,1),
	(49,407,6,0.93,28,27,0,20,20161209,20161209,13,1),
	(50,408,6,0.93,56,230,0,23,20161209,20161209,13,1),
	(51,409,6,0.93,28,411,0,26,20161209,20161209,13,1),
	(52,410,6,0.93,28,115,0,81,20161209,20161209,13,1),
	(53,411,6,0.93,84,102,0,24,20161209,20161209,13,1),
	(54,3243,4,1.00,26,887,14,97,20161209,20161209,13,1),
	(55,3710,2,0.93,112,377,0,50,20161209,20161209,13,1),
	(56,3711,2,0.93,28,264,0,28,20161209,20161209,13,1),
	(57,3712,2,0.93,28,58,0,37,20161209,20161209,13,1),
	(58,3715,2,0.93,56,90,0,32,20161209,20161209,13,1),
	(59,3716,2,0.93,56,310,0,23,20161209,20161209,13,1),
	(60,3719,2,0.93,84,276,0,47,20161209,20161209,13,1),
	(61,3721,201,0.93,56,417,0,39,20161209,20161209,13,1),
	(62,3722,440,0.93,28,98,1,79,20161209,20161209,13,1),
	(63,3747,6,0.93,28,50,0,18,20161209,20161209,13,1),
	(64,3748,6,0.93,28,54,0,29,20161209,20161209,13,1),
	(65,3752,6,0.93,28,251,0,51,20161209,20161209,13,1),
	(66,3755,6,0.93,84,616,0,70,20161209,20161209,13,1),
	(67,3756,6,0.93,84,287,0,62,20161209,20161209,13,1),
	(68,3758,6,0.93,84,60,0,31,20161209,20161209,13,1),
	(69,3780,504,0.00,8,9,0,2,20161209,20161209,13,1),
	(70,3785,504,0.00,2,2,1,1,20161209,20161209,13,1),
	(71,3787,504,0.00,2,2,1,1,20161209,20161209,13,1),
	(72,3789,500,0.00,2,2,0,1,20161209,20161209,13,1),
	(73,3791,504,0.00,2,1,0,0,20161209,20161209,13,1),
	(74,3792,503,0.00,2,1,1,1,20161209,20161209,13,1),
	(75,3793,504,0.00,46,1,0,0,20161209,20161209,13,1),
	(76,1,1,0.93,29,15257,322,1862,20161209,20161209,13,1),
	(77,2,2,0.93,261,14776,0,95,20161209,20161209,13,1),
	(78,3,2,0.93,174,406,0,71,20161209,20161209,13,1),
	(79,4,2,0.93,232,389,0,63,20161209,20161209,13,1),
	(80,5,3,0.93,580,638,0,35,20161209,20161209,13,1),
	(81,6,3,0.89,300,356,0,71,20161209,20161209,13,1),
	(82,7,3,0.93,812,418,0,61,20161209,20161209,13,1),
	(83,8,3,0.93,261,302,0,52,20161209,20161209,13,1),
	(84,9,3,0.93,464,352,0,25,20161209,20161209,13,1),
	(85,10,3,0.93,783,342,0,24,20161209,20161209,13,1),
	(86,11,3,0.93,319,397,0,74,20161209,20161209,13,1),
	(87,12,3,0.93,406,495,0,51,20161209,20161209,13,1),
	(88,13,3,0.93,406,478,0,103,20161209,20161209,13,1),
	(89,14,2,0.93,290,398,0,23,20161209,20161209,13,1),
	(90,15,4,0.98,108,14824,69,659,20161209,20161209,13,1),
	(91,16,5,0.97,621,1169,5,73,20161209,20161209,13,1),
	(92,17,4,1.00,27,494,67,106,20161209,20161209,13,1),
	(93,18,4,1.00,27,1696,58,311,20161209,20161209,13,1),
	(94,19,4,1.00,27,5173,30,416,20161209,20161209,13,1),
	(95,21,4,1.00,27,551,64,124,20161209,20161209,13,1),
	(96,22,3,0.93,58,399,0,53,20161209,20161209,13,1),
	(97,23,3,0.93,29,110,0,74,20161209,20161209,13,1),
	(98,24,6,0.93,145,447,0,62,20161209,20161209,13,1),
	(99,25,3,0.93,29,406,0,96,20161209,20161209,13,1),
	(100,26,3,0.93,290,1015,0,52,20161209,20161209,13,1),
	(101,201,3,0.93,116,345,0,21,20161209,20161209,13,1),
	(102,202,3,0.93,87,364,0,69,20161209,20161209,13,1),
	(103,203,3,0.93,58,135,0,53,20161209,20161209,13,1),
	(104,204,3,0.93,58,304,0,64,20161209,20161209,13,1),
	(105,205,3,0.93,87,280,0,65,20161209,20161209,13,1),
	(106,206,3,0.93,29,213,0,129,20161209,20161209,13,1),
	(107,207,3,0.93,29,374,1,46,20161209,20161209,13,1),
	(108,208,3,0.93,29,263,0,39,20161209,20161209,13,1),
	(109,209,3,0.93,29,51,0,29,20161209,20161209,13,1),
	(110,210,201,0.93,87,341,0,57,20161209,20161209,13,1),
	(111,211,201,0.93,116,259,0,18,20161209,20161209,13,1),
	(112,212,201,0.93,116,258,0,49,20161209,20161209,13,1),
	(113,213,201,0.93,116,240,0,18,20161209,20161209,13,1),
	(114,214,201,0.93,261,337,0,31,20161209,20161209,13,1),
	(115,215,201,0.93,29,139,1,80,20161209,20161209,13,1),
	(116,217,6,0.93,145,416,0,91,20161209,20161209,13,1),
	(117,218,6,0.93,145,349,0,68,20161209,20161209,13,1),
	(118,401,6,0.93,29,322,0,55,20161209,20161209,13,1),
	(119,402,6,0.93,29,55,0,43,20161209,20161209,13,1),
	(120,403,6,0.93,58,394,0,77,20161209,20161209,13,1),
	(121,404,6,0.93,145,343,0,45,20161209,20161209,13,1),
	(122,405,6,0.93,29,45,1,22,20161209,20161209,13,1),
	(123,406,6,0.93,87,296,0,32,20161209,20161209,13,1),
	(124,407,6,0.93,29,74,0,22,20161209,20161209,13,1),
	(125,408,6,0.93,58,230,0,24,20161209,20161209,13,1),
	(126,409,6,0.93,29,411,0,26,20161209,20161209,13,1),
	(127,410,6,0.93,29,115,0,81,20161209,20161209,13,1),
	(128,411,6,0.93,87,102,0,24,20161209,20161209,13,1),
	(129,3243,4,1.00,27,887,14,96,20161209,20161209,13,1),
	(130,3710,2,0.93,116,377,0,50,20161209,20161209,13,1),
	(131,3711,2,0.93,29,264,0,28,20161209,20161209,13,1),
	(132,3712,2,0.93,29,82,0,38,20161209,20161209,13,1),
	(133,3715,2,0.93,58,90,0,32,20161209,20161209,13,1),
	(134,3716,2,0.93,58,310,0,23,20161209,20161209,13,1),
	(135,3719,2,0.93,87,276,0,48,20161209,20161209,13,1),
	(136,3721,201,0.93,58,417,0,40,20161209,20161209,13,1),
	(137,3722,440,0.93,29,123,1,80,20161209,20161209,13,1),
	(138,3747,6,0.93,29,50,0,18,20161209,20161209,13,1),
	(139,3748,6,0.93,29,54,0,29,20161209,20161209,13,1),
	(140,3752,6,0.93,29,251,0,51,20161209,20161209,13,1),
	(141,3755,6,0.93,87,616,0,71,20161209,20161209,13,1),
	(142,3756,6,0.93,87,287,0,62,20161209,20161209,13,1),
	(143,3758,6,0.93,87,60,0,31,20161209,20161209,13,1),
	(144,3780,504,0.00,8,9,0,2,20161209,20161209,13,1),
	(145,3785,504,0.00,2,2,1,1,20161209,20161209,13,1),
	(146,3787,504,0.00,2,2,1,1,20161209,20161209,13,1),
	(147,3789,500,0.00,2,2,0,1,20161209,20161209,13,1),
	(148,3791,504,0.00,2,1,0,0,20161209,20161209,13,1),
	(149,3792,503,0.00,2,1,1,1,20161209,20161209,13,1),
	(150,3793,504,0.00,46,1,0,0,20161209,20161209,13,1),
	(151,1,1,0.93,30,15257,322,1813,20161209,20161209,13,1),
	(152,2,2,0.93,270,14776,0,94,20161209,20161209,13,1),
	(153,3,2,0.93,180,406,0,71,20161209,20161209,13,1),
	(154,4,2,0.93,240,389,0,63,20161209,20161209,13,1),
	(155,5,3,0.93,600,638,0,35,20161209,20161209,13,1),
	(156,6,3,0.90,310,356,0,72,20161209,20161209,13,1),
	(157,7,3,0.93,840,418,0,61,20161209,20161209,13,1),
	(158,8,3,0.93,270,302,0,53,20161209,20161209,13,1),
	(159,9,3,0.93,480,352,0,25,20161209,20161209,13,1),
	(160,10,3,0.93,810,342,0,24,20161209,20161209,13,1),
	(161,11,3,0.93,330,397,0,74,20161209,20161209,13,1),
	(162,12,3,0.93,420,495,0,51,20161209,20161209,13,1),
	(163,13,3,0.93,420,478,0,103,20161209,20161209,13,1),
	(164,14,2,0.93,300,398,0,23,20161209,20161209,13,1),
	(165,15,4,0.98,112,14824,69,645,20161209,20161209,13,1),
	(166,16,5,0.97,644,1169,5,75,20161209,20161209,13,1),
	(167,17,4,1.00,28,494,67,105,20161209,20161209,13,1),
	(168,18,4,1.00,28,1696,58,304,20161209,20161209,13,1),
	(169,19,4,1.00,28,5173,30,409,20161209,20161209,13,1),
	(170,21,4,1.00,28,551,64,123,20161209,20161209,13,1),
	(171,22,3,0.93,60,399,0,53,20161209,20161209,13,1),
	(172,23,3,0.93,30,110,0,74,20161209,20161209,13,1),
	(173,24,6,0.93,150,447,0,63,20161209,20161209,13,1),
	(174,25,3,0.93,30,406,0,97,20161209,20161209,13,1),
	(175,26,3,0.93,300,1015,0,53,20161209,20161209,13,1),
	(176,201,3,0.93,120,345,0,21,20161209,20161209,13,1),
	(177,202,3,0.93,90,364,0,69,20161209,20161209,13,1),
	(178,203,3,0.93,60,135,0,52,20161209,20161209,13,1),
	(179,204,3,0.93,60,304,0,64,20161209,20161209,13,1),
	(180,205,3,0.93,90,280,0,65,20161209,20161209,13,1),
	(181,206,3,0.93,30,213,0,131,20161209,20161209,13,1),
	(182,207,3,0.93,30,374,1,46,20161209,20161209,13,1),
	(183,208,3,0.93,30,263,0,39,20161209,20161209,13,1),
	(184,209,3,0.93,30,51,0,29,20161209,20161209,13,1),
	(185,210,201,0.93,90,341,0,57,20161209,20161209,13,1),
	(186,211,201,0.93,120,259,0,18,20161209,20161209,13,1),
	(187,212,201,0.93,120,258,0,49,20161209,20161209,13,1),
	(188,213,201,0.93,120,240,0,18,20161209,20161209,13,1),
	(189,214,201,0.93,270,337,0,31,20161209,20161209,13,1),
	(190,215,201,0.93,30,139,1,81,20161209,20161209,13,1),
	(191,217,6,0.93,150,416,0,91,20161209,20161209,13,1),
	(192,218,6,0.93,150,349,0,68,20161209,20161209,13,1),
	(193,401,6,0.93,30,322,0,56,20161209,20161209,13,1),
	(194,402,6,0.93,30,56,0,43,20161209,20161209,13,1),
	(195,403,6,0.93,60,394,0,77,20161209,20161209,13,1),
	(196,404,6,0.93,150,343,0,45,20161209,20161209,13,1),
	(197,405,6,0.93,30,45,1,23,20161209,20161209,13,1),
	(198,406,6,0.93,90,296,0,32,20161209,20161209,13,1),
	(199,407,6,0.93,30,74,0,22,20161209,20161209,13,1),
	(200,408,6,0.93,60,230,0,24,20161209,20161209,13,1),
	(201,409,6,0.93,30,411,0,25,20161209,20161209,13,1),
	(202,410,6,0.93,30,115,0,81,20161209,20161209,13,1),
	(203,411,6,0.93,90,102,0,25,20161209,20161209,13,1),
	(204,3243,4,1.00,28,887,14,93,20161209,20161209,13,1),
	(205,3710,2,0.93,120,377,0,50,20161209,20161209,13,1),
	(206,3711,2,0.93,30,264,0,28,20161209,20161209,13,1),
	(207,3712,2,0.93,30,82,0,38,20161209,20161209,13,1),
	(208,3715,2,0.93,60,90,0,32,20161209,20161209,13,1),
	(209,3716,2,0.93,60,310,0,22,20161209,20161209,13,1),
	(210,3719,2,0.93,90,276,0,48,20161209,20161209,13,1),
	(4506,3826,503,1.00,88,71,9,17,20170208,20170208,13,3),
	(4507,3827,505,1.00,176,89,51,66,20170208,20170208,13,3);
	(8155,3839,510,1.00,189,238,8,16,20170208,20170208,13,3),
	(8156,3840,510,1.00,189,85,8,16,20170208,20170208,13,3),
	(8157,3841,510,1.00,567,225,11,25,20170208,20170208,13,3),
	(8158,3842,510,1.00,378,109,8,15,20170208,20170208,13,3),
	(8159,3843,508,1.00,189,86,9,17,20170208,20170208,13,3);

/*!40000 ALTER TABLE `report_day_api` ENABLE KEYS */;
UNLOCK TABLES;


# Dump of table report_last_api
# ------------------------------------------------------------

DROP TABLE IF EXISTS `report_last_api`;

CREATE TABLE `report_last_api` (
  `id` bigint(20) unsigned NOT NULL AUTO_INCREMENT COMMENT '自增的主键id',
  `api_id` bigint(20) NOT NULL DEFAULT '0' COMMENT '接口id',
  `module_id` bigint(20) NOT NULL DEFAULT '0' COMMENT '模块id',
  `status` tinyint(4) NOT NULL DEFAULT '1' COMMENT '接口状态。0：失败 1：成功',
  `last_hours_rate` float DEFAULT NULL COMMENT '接口过去24小时成功率',
  `cost_time` bigint(20) DEFAULT NULL COMMENT '接口调用时间',
  `total_count` int(11) DEFAULT NULL,
  `ok_count` int(11) DEFAULT NULL,
  `create_time` bigint(20) DEFAULT NULL COMMENT '记录创建时间',
  `sleep_time` bigint(20) DEFAULT NULL COMMENT '睡眠时间',
  `agent_id` bigint(20) DEFAULT NULL COMMENT 'AgentID',
  `app_id` int(10) DEFAULT NULL COMMENT 'APP ID',
  `timer_id` int(10) DEFAULT NULL COMMENT '任务id',
  PRIMARY KEY (`id`)
) ENGINE=InnoDB DEFAULT CHARSET=utf8;

LOCK TABLES `report_last_api` WRITE;
/*!40000 ALTER TABLE `report_last_api` DISABLE KEYS */;

INSERT INTO `report_last_api` (`id`, `api_id`, `module_id`, `status`, `last_hours_rate`, `cost_time`, `total_count`, `ok_count`, `create_time`, `sleep_time`, `agent_id`, `app_id`, `timer_id`)
VALUES
	(14193,3794,1,1,1,920,1,1,1486534466576,NULL,13,3,42),
	(14194,3805,2,1,1,52,4,4,1486534466576,NULL,13,3,42),
	(14195,3806,2,1,1,69,4,4,1486534466576,NULL,13,3,42),
	(14196,3807,2,1,1,74,4,4,1486534466576,NULL,13,3,42),
	(14197,3808,3,1,1,37,2,2,1486534466576,NULL,13,3,42),
	(14198,3812,2,1,1,40,1,1,1486534466576,NULL,13,3,42),
	(14199,3813,2,1,1,13,1,1,1486534466576,NULL,13,3,42),
	(14200,3814,2,1,1,21,1,1,1486534466576,NULL,13,3,42),
	(14201,3815,2,1,1,158,1,1,1486534466576,NULL,13,3,42),
	(14202,3816,2,1,1,15,2,2,1486534466576,NULL,13,3,42),
	(14203,3817,2,1,1,80,2,2,1486534466576,NULL,13,3,42),
	(14204,3818,2,1,1,50,2,2,1486534466576,NULL,13,3,42),
	(14205,3819,503,1,1,16,1,1,1486534466576,NULL,13,3,42),
	(14206,3820,503,1,1,62,1,1,1486534466576,NULL,13,3,42),
	(14207,3821,503,1,1,12,1,1,1486534466576,NULL,13,3,42),
	(14208,3822,503,1,0.9948,34,1,1,1486534466576,NULL,13,3,42),
	(14209,3824,503,1,0.9896,41,1,1,1486534466576,NULL,13,3,42),
	(14210,3825,503,1,0.9922,27,2,2,1486534466576,NULL,13,3,42),
	(14211,3826,503,1,1,9,1,1,1486534466576,NULL,13,3,42),
	(14212,3827,505,1,1,65,2,2,1486534466576,NULL,13,3,42),
	(14213,3828,506,1,1,32,5,5,1486534466576,NULL,13,3,42),
	(14214,3829,505,1,0.9948,18,1,1,1486534466576,NULL,13,3,42),
	(14215,3830,507,1,1,12,1,1,1486534466576,NULL,13,3,42),
	(14216,3831,508,1,1,11,1,1,1486534466576,NULL,13,3,42),
	(14217,3832,508,1,1,36,1,1,1486534466576,NULL,13,3,42),
	(14218,3833,508,1,1,15,1,1,1486534466576,NULL,13,3,42),
	(14219,3834,508,1,1,43,1,1,1486534466576,NULL,13,3,42),
	(14220,3835,508,1,0.9974,14,2,2,1486534466576,NULL,13,3,42),
	(14221,3836,508,1,0.9896,35,1,1,1486534466576,NULL,13,3,42),
	(14222,3837,508,1,1,66,1,1,1486534466576,NULL,13,3,42),
	(14223,3838,509,1,1,19,1,1,1486534466576,NULL,13,3,42),
	(14224,3839,510,1,1,12,1,1,1486534466576,NULL,13,3,42),
	(14225,3840,510,1,1,13,1,1,1486534466576,NULL,13,3,42),
	(14226,3841,510,1,1,25,3,3,1486534466576,NULL,13,3,42),
	(14227,3842,510,1,1,12,2,2,1486534466576,NULL,13,3,42),
	(14228,3843,508,1,1,13,1,1,1486534466576,NULL,13,3,42);

/*!40000 ALTER TABLE `report_last_api` ENABLE KEYS */;
UNLOCK TABLES;


# Dump of table report_last_hours_api
# ------------------------------------------------------------

DROP TABLE IF EXISTS `report_last_hours_api`;

CREATE TABLE `report_last_hours_api` (
  `id` bigint(20) unsigned NOT NULL AUTO_INCREMENT COMMENT '自增的主键id',
  `api_id` bigint(20) NOT NULL DEFAULT '0' COMMENT '接口id',
  `module_id` bigint(20) NOT NULL DEFAULT '0' COMMENT '模块id',
  `success_rate` float(20,0) DEFAULT NULL COMMENT '接口成功率',
  `total_count` int(10) DEFAULT NULL COMMENT '接口总次数',
  `max_cost_time` bigint(20) DEFAULT NULL COMMENT '接口最大调用时间',
  `min_cost_time` bigint(20) DEFAULT NULL COMMENT '接口最小调用时间',
  `ave_cost_time` bigint(20) DEFAULT NULL COMMENT '接口平均调用时间',
  `create_time` bigint(20) DEFAULT NULL COMMENT '记录创建时间',
  `update_time` bigint(20) DEFAULT NULL COMMENT '记录修改时间',
  `agent_id` bigint(20) DEFAULT NULL COMMENT 'AgentID',
  `app_id` int(10) DEFAULT NULL COMMENT 'APP ID',
  PRIMARY KEY (`id`)
) ENGINE=InnoDB DEFAULT CHARSET=utf8;

LOCK TABLES `report_last_hours_api` WRITE;
/*!40000 ALTER TABLE `report_last_hours_api` DISABLE KEYS */;

INSERT INTO `report_last_hours_api` (`id`, `api_id`, `module_id`, `success_rate`, `total_count`, `max_cost_time`, `min_cost_time`, `ave_cost_time`, `create_time`, `update_time`, `agent_id`, `app_id`)
VALUES
	(8124,3794,1,1,192,1397,291,519,1486534466683,1486534466683,13,3),
	(8125,3805,2,1,768,471,12,56,1486534466683,1486534466683,13,3),
	(8126,3806,2,1,768,263,45,70,1486534466683,1486534466683,13,3),
	(8127,3807,2,1,768,228,46,66,1486534466683,1486534466683,13,3),
	(8128,3808,3,1,384,207,14,28,1486534466683,1486534466683,13,3),
	(8129,3812,2,1,192,86,26,39,1486534466683,1486534466683,13,3),
	(8130,3813,2,1,192,180,13,21,1486534466683,1486534466683,13,3),
	(8131,3814,2,1,192,298,12,24,1486534466683,1486534466683,13,3),
	(8132,3815,2,1,192,284,82,114,1486534466683,1486534466683,13,3),
	(8133,3816,2,1,384,352,9,17,1486534466683,1486534466683,13,3),
	(8134,3817,2,1,384,243,58,84,1486534466683,1486534466683,13,3),
	(8135,3818,2,1,384,153,30,48,1486534466683,1486534466683,13,3),
	(8136,3819,503,1,192,119,9,16,1486534466683,1486534466683,13,3),
	(8137,3820,503,1,192,987,50,77,1486534466683,1486534466683,13,3),
	(8138,3821,503,1,192,221,9,19,1486534466683,1486534466683,13,3),
	(8139,3822,503,1,192,84,23,35,1486534466683,1486534466683,13,3),
	(8140,3824,503,1,192,128,19,33,1486534466683,1486534466683,13,3),
	(8141,3825,503,1,384,107,14,24,1486534466683,1486534466683,13,3),
	(8142,3826,503,1,192,311,9,20,1486534466683,1486534466683,13,3),
	(8143,3827,505,1,384,372,51,69,1486534466683,1486534466683,13,3),
	(8144,3828,506,1,960,248,23,36,1486534466683,1486534466683,13,3),
	(8145,3829,505,1,192,74,12,22,1486534466683,1486534466683,13,3),
	(8146,3830,507,1,192,113,7,15,1486534466683,1486534466683,13,3),
	(8147,3831,508,1,192,210,7,14,1486534466683,1486534466683,13,3),
	(8148,3832,508,1,192,271,19,36,1486534466683,1486534466683,13,3),
	(8149,3833,508,1,192,567,9,34,1486534466683,1486534466683,13,3),
	(8150,3834,508,1,192,118,36,50,1486534466683,1486534466683,13,3),
	(8151,3835,508,1,384,84,8,14,1486534466683,1486534466683,13,3),
	(8152,3836,508,1,192,61,18,33,1486534466683,1486534466683,13,3),
	(8153,3837,508,1,192,148,24,45,1486534466683,1486534466683,13,3),
	(8154,3838,509,1,192,1021,10,31,1486534466683,1486534466683,13,3),
	(8155,3839,510,1,192,238,8,16,1486534466683,1486534466683,13,3),
	(8156,3840,510,1,192,85,8,16,1486534466683,1486534466683,13,3),
	(8157,3841,510,1,576,225,11,25,1486534466683,1486534466683,13,3),
	(8158,3842,510,1,384,109,8,15,1486534466683,1486534466683,13,3),
	(8159,3843,508,1,192,86,9,17,1486534466683,1486534466683,13,3);

/*!40000 ALTER TABLE `report_last_hours_api` ENABLE KEYS */;
UNLOCK TABLES;


# Dump of table report_last_module
# ------------------------------------------------------------

DROP TABLE IF EXISTS `report_last_module`;

CREATE TABLE `report_last_module` (
  `id` bigint(20) NOT NULL AUTO_INCREMENT,
  `module_id` bigint(20) DEFAULT NULL COMMENT 'module  id',
  `status` tinyint(2) DEFAULT NULL COMMENT '状态',
  `cost_time` bigint(20) DEFAULT NULL,
  `last_hours_rate` float DEFAULT NULL COMMENT '成功率',
  `agent_area` varchar(20) DEFAULT NULL COMMENT 'Agent  名称',
  `create_time` bigint(20) DEFAULT NULL COMMENT '创建时间',
  `next_runtime` bigint(20) DEFAULT NULL COMMENT '下次运行时间',
  `update_key` tinyint(2) DEFAULT NULL COMMENT '保留标志',
  `agent_id` bigint(20) DEFAULT NULL COMMENT 'agentid',
  `app_id` int(10) DEFAULT NULL COMMENT 'APP ID',
  PRIMARY KEY (`id`)
) ENGINE=InnoDB DEFAULT CHARSET=utf8mb4;

LOCK TABLES `report_last_module` WRITE;
/*!40000 ALTER TABLE `report_last_module` DISABLE KEYS */;

INSERT INTO `report_last_module` (`id`, `module_id`, `status`, `cost_time`, `last_hours_rate`, `agent_area`, `create_time`, `next_runtime`, `update_key`, `agent_id`, `app_id`)
VALUES
	(3121,1,1,920,1,NULL,1486534466576,NULL,1,13,3),
	(3122,2,1,158,1,NULL,1486534466576,NULL,1,13,3),
	(3123,3,1,37,1,NULL,1486534466576,NULL,1,13,3),
	(3124,503,1,62,0.99,NULL,1486534466576,NULL,1,13,3),
	(3125,505,1,65,0.99,NULL,1486534466576,NULL,1,13,3),
	(3126,506,1,32,1,NULL,1486534466576,NULL,1,13,3),
	(3127,507,1,12,1,NULL,1486534466576,NULL,1,13,3),
	(3128,508,1,66,0.99,NULL,1486534466576,NULL,1,13,3),
	(3129,509,1,19,1,NULL,1486534466576,NULL,1,13,3),
	(3130,510,1,25,1,NULL,1486534466576,NULL,1,13,3);

/*!40000 ALTER TABLE `report_last_module` ENABLE KEYS */;
UNLOCK TABLES;


# Dump of table report_last_week_api
# ------------------------------------------------------------

DROP TABLE IF EXISTS `report_last_week_api`;

CREATE TABLE `report_last_week_api` (
  `id` bigint(20) unsigned NOT NULL AUTO_INCREMENT COMMENT '自增的主键id',
  `api_id` bigint(20) NOT NULL DEFAULT '0' COMMENT '接口id',
  `module_id` bigint(20) NOT NULL DEFAULT '0' COMMENT '模块id',
  `success_rate` float DEFAULT NULL COMMENT '接口成功率',
  `status` tinyint(2) DEFAULT NULL,
  `cost_time` bigint(20) DEFAULT NULL COMMENT '接口调用时间',
  `total_count` int(11) DEFAULT NULL,
  `ok_count` int(11) DEFAULT NULL,
  `create_time` bigint(20) DEFAULT NULL COMMENT '记录创建时间',
  `agent_id` bigint(20) DEFAULT NULL COMMENT 'AgentID',
  `app_id` int(10) DEFAULT NULL COMMENT 'APP ID',
  PRIMARY KEY (`id`)
) ENGINE=InnoDB DEFAULT CHARSET=utf8;

LOCK TABLES `report_last_week_api` WRITE;
/*!40000 ALTER TABLE `report_last_week_api` DISABLE KEYS */;

INSERT INTO `report_last_week_api` (`id`, `api_id`, `module_id`, `success_rate`, `status`, `cost_time`, `total_count`, `ok_count`, `create_time`, `agent_id`, `app_id`)
VALUES
	(1,5,3,0.8,0,60036,20,16,1481264873534,13,1),
	(2,6,3,0.7,0,54,10,7,1481264873534,13,1),
	(3,7,3,0.82,0,63,28,23,1481264873534,13,1),
	(4,10,3,0.85,0,21,27,23,1481264873534,13,1),
	(5,11,3,0.9,0,71,11,10,1481264873534,13,1),
	(6,13,3,0.92,0,102,14,13,1481264873534,13,1),
	(7,24,6,0,0,18,5,0,1481264873534,13,1),
	(8,26,3,0.7,0,39,10,7,1481264873534,13,1),
	(9,204,3,0.5,0,54,2,1,1481264873534,13,1),
	(10,205,3,0.66,0,55,3,2,1481264873534,13,1),
	(11,207,3,0,0,107,1,0,1481264873534,13,1),
	(12,208,3,0,0,14,1,0,1481264873534,13,1),
	(13,209,3,0,0,27,1,0,1481264873534,13,1),
	(14,210,201,0,0,16,3,0,1481264873534,13,1),
	(15,211,201,0,0,33,4,0,1481264873534,13,1),
	(16,212,201,0,0,23,4,0,1481264873534,13,1),
	(17,213,201,0.25,0,25,4,1,1481264873534,13,1),
	(18,214,201,0,0,21,9,0,1481264873534,13,1),
	(19,215,201,0,0,40,1,0,1481264873534,13,1),
	(20,217,6,0,0,20,5,0,1481264873534,13,1),
	(21,218,6,0,0,21,5,0,1481264873534,13,1),
	(22,401,6,0,0,31,1,0,1481264873534,13,1),
	(23,402,6,0,0,22,1,0,1481264873534,13,1),
	(24,403,6,0,0,25,2,0,1481264873534,13,1),
	(25,404,6,0,0,23,5,0,1481264873534,13,1),
	(26,405,6,0,0,27,1,0,1481264873534,13,1),
	(27,406,6,0,0,26,3,0,1481264873534,13,1),
	(28,407,6,0,0,17,1,0,1481264873534,13,1),
	(29,408,6,0,0,20,2,0,1481264873534,13,1),
	(30,410,6,0,0,14,1,0,1481264873534,13,1),
	(31,411,6,0,0,18,3,0,1481264873534,13,1),
	(32,3721,201,0,0,22,2,0,1481264873534,13,1),
	(33,3722,440,0,0,18,1,0,1481264873534,13,1),
	(34,3747,6,0,0,18,1,0,1481264873534,13,1),
	(35,3748,6,0,0,18,1,0,1481264873534,13,1),
	(36,3752,6,0,0,22,1,0,1481264873534,13,1),
	(37,3755,6,0,0,19,3,0,1481264873534,13,1),
	(38,3756,6,0,0,15,3,0,1481264873534,13,1),
	(39,3758,6,0,0,17,3,0,1481264873534,13,1),
	(64,5,3,0.8,0,60036,20,16,1481264873534,13,1),
	(1350,3836,508,0,0,24,1,0,1486518801265,13,3),
	(1354,3824,503,0,0,19,1,0,1486534100943,13,3),
	(1355,3825,503,0,0,24,2,0,1486534100943,13,3),
	(1356,3829,505,0,0,25,1,0,1486534100943,13,3),
	(1357,3835,508,0.5,0,24,2,1,1486534100943,13,3),
	(1358,3836,508,0,0,18,1,0,1486534100943,13,3);

/*!40000 ALTER TABLE `report_last_week_api` ENABLE KEYS */;
UNLOCK TABLES;


# Dump of table script
# ------------------------------------------------------------

DROP TABLE IF EXISTS `script`;

CREATE TABLE `script` (
  `script_id` int(10) NOT NULL AUTO_INCREMENT COMMENT '脚本id',
  `script_name` varchar(50) DEFAULT NULL COMMENT '脚本名称',
  `script_version` varchar(10) DEFAULT NULL COMMENT '版本号',
  `script_path` varchar(200) DEFAULT NULL COMMENT '脚本存储路径',
  `app_id` bigint(10) DEFAULT NULL COMMENT 'app类型',
  `remark` varchar(200) DEFAULT NULL COMMENT '备注',
  `create_time` bigint(20) DEFAULT NULL COMMENT '创建时间',
  PRIMARY KEY (`script_id`)
) ENGINE=InnoDB DEFAULT CHARSET=utf8mb4;

LOCK TABLES `script` WRITE;
/*!40000 ALTER TABLE `script` DISABLE KEYS */;

INSERT INTO `script` (`script_id`, `script_name`, `script_version`, `script_path`, `app_id`, `remark`, `create_time`)
VALUES
	(21,'亲见',NULL,'/data/script/kinstalk-online-20170217_165639.jmx',3,'',1486458728435);

/*!40000 ALTER TABLE `script` ENABLE KEYS */;
UNLOCK TABLES;


# Dump of table script_timer
# ------------------------------------------------------------

DROP TABLE IF EXISTS `script_timer`;

CREATE TABLE `script_timer` (
  `timer_id` bigint(10) NOT NULL AUTO_INCREMENT COMMENT '任务id',
  `script_id` bigint(10) DEFAULT NULL COMMENT '脚本id',
  `timer_name` varchar(200) DEFAULT NULL COMMENT '任务名称',
  `timer_type` tinyint(2) DEFAULT NULL COMMENT '任务类型1:一次 2:循环执行',
  `first_time` bigint(20) DEFAULT NULL,
  `sleep_time` int(20) DEFAULT NULL COMMENT '任务运行间隔时间(秒)',
  `timer_status` tinyint(2) DEFAULT NULL COMMENT '1:等待运行 2：正在运行 3:运行停止',
  `create_time` bigint(20) DEFAULT NULL COMMENT '创建时间',
  `app_id` bigint(10) DEFAULT NULL COMMENT 'app_id',
  `run_status` tinyint(2) DEFAULT NULL COMMENT '是否运行 0 停止 1 运行',
  `run_type` tinyint(2) DEFAULT NULL COMMENT '执行类型1:监控执行 2:测试执行',
  `notice_phone` varchar(1000) DEFAULT NULL COMMENT '报警手机\n报警手机\n报警手机',
  `notice_email` varchar(1000) DEFAULT NULL COMMENT '报警邮箱',
  `duty` varchar(20) DEFAULT NULL COMMENT '负责人',
  PRIMARY KEY (`timer_id`)
) ENGINE=InnoDB DEFAULT CHARSET=utf8mb4;

LOCK TABLES `script_timer` WRITE;
/*!40000 ALTER TABLE `script_timer` DISABLE KEYS */;

INSERT INTO `script_timer` (`timer_id`, `script_id`, `timer_name`, `timer_type`, `first_time`, `sleep_time`, `timer_status`, `create_time`, `app_id`, `run_status`, `run_type`, `notice_phone`, `notice_email`, `duty`)
VALUES
	(43,21,'亲见',2,NULL,5,0,1487321824139,3,1,1,'','','aa');

/*!40000 ALTER TABLE `script_timer` ENABLE KEYS */;
UNLOCK TABLES;


# Dump of table script_timer_detail
# ------------------------------------------------------------

DROP TABLE IF EXISTS `script_timer_detail`;

CREATE TABLE `script_timer_detail` (
  `detail_id` bigint(20) unsigned NOT NULL AUTO_INCREMENT,
  `timer_id` bigint(10) DEFAULT NULL,
  `start_time` bigint(20) DEFAULT NULL,
  `end_time` bigint(20) DEFAULT NULL,
  `result_file_path` varchar(200) DEFAULT NULL,
  `success_rate` varchar(20) DEFAULT NULL,
  `create_time` bigint(20) DEFAULT NULL,
  `agent_id` bigint(8) DEFAULT NULL COMMENT 'AgentID',
  PRIMARY KEY (`detail_id`)
) ENGINE=InnoDB DEFAULT CHARSET=utf8mb4;

LOCK TABLES `script_timer_detail` WRITE;
/*!40000 ALTER TABLE `script_timer_detail` DISABLE KEYS */;

INSERT INTO `script_timer_detail` (`detail_id`, `timer_id`, `start_time`, `end_time`, `result_file_path`, `success_rate`, `create_time`, `agent_id`)
VALUES
	(1,34,1481260944208,1481260973385,'/data/log/manager_34_13_20161209_132253.xml','100%',1481260973409,13),
	(2,34,1481261244237,1481261274495,'/data/log/manager_34_13_20161209_132754.xml','100%',1481261274519,13),
	(3,34,1481261544231,1481261572509,'/data/log/manager_34_13_20161209_133252.xml','100%',1481261572537,13),
	(4,34,1481261844229,1481261873081,'/data/log/manager_34_13_20161209_133753.xml','100%',1481261873105,13),
	(5,34,1481263319873,1481263348390,'/data/log/manager_34_13_20161209_140228.xml','100%',1481263348418,13),
	(6,34,1481263348406,1481263376564,'/data/log/manager_34_13_20161209_140256.xml','100%',1481263376595,13),
	(7,34,1481263376576,1481263402824,'/data/log/manager_34_13_20161209_140322.xml','100%',1481263402884,13),
	(8,34,1481263402831,1481263432164,'/data/log/manager_34_13_20161209_140352.xml','100%',1481263432193,13),
	(9,34,1481263432171,1481263460588,'/data/log/manager_34_13_20161209_140420.xml','100%',1481263460654,13),
	(223,43,1487321832731,1487321872724,'/data/log/manager_43_13_20170217_165752.xml','',1487321872753,13),
	(224,43,1487322132746,1487322170360,'/data/log/manager_43_13_20170217_170250.xml','',1487322170398,13);

/*!40000 ALTER TABLE `script_timer_detail` ENABLE KEYS */;
UNLOCK TABLES;



/*!40111 SET SQL_NOTES=@OLD_SQL_NOTES */;
/*!40101 SET SQL_MODE=@OLD_SQL_MODE */;
/*!40014 SET FOREIGN_KEY_CHECKS=@OLD_FOREIGN_KEY_CHECKS */;
/*!40101 SET CHARACTER_SET_CLIENT=@OLD_CHARACTER_SET_CLIENT */;
/*!40101 SET CHARACTER_SET_RESULTS=@OLD_CHARACTER_SET_RESULTS */;
/*!40101 SET COLLATION_CONNECTION=@OLD_COLLATION_CONNECTION */;
